{
  "accuracy": {
    "mean": 0.9971428571428571,
    "std": 0.005714285714285694
  },
  "precision": {
    "mean": 0.9944444444444445,
    "std": 0.011111111111111117
  },
  "recall": {
    "mean": 1.0,
    "std": 0.0
  },
  "f1": {
    "mean": 0.9971830985915492,
    "std": 0.005633802816901401
  },
  "roc_auc": {
    "mean": 1.0,
    "std": 0.0
  }
}